company_name,website,industry,summary_from_llm,automation_pitch_from_llm
OpenAI,https://openai.com,"**Industry:** OpenAI operates in the **Artificial Intelligence (AI) industry**, which is a subset of the broader technology sector. The AI industry involves the development and application of AI technologies, including machine learning, natural language processing, computer vision, robotics, and more.","**What OpenAI does:** OpenAI is a research organization that aims to develop and promote friendly artificial intelligence (AI) that benefits humanity. They focus on creating AI systems that can learn, reason, and improve themselves without being explicitly programmed. OpenAI's primary goals are to ensure that AI systems are safe, transparent, and robust, and that they ultimately lead to a positive impact on society.","**AI automation idea for QF Innovate to pitch:** Considering OpenAI's focus on developing robust AI systems, QF Innovate could pitch an automation idea that leverages AI to improve the efficiency and effectiveness of OpenAI's research and development processes. For instance, they could propose an AI-powered project management tool that uses machine learning to:**
	* Analyze project data and identify patterns, risks, and opportunities for improvement.
	* Automate routine tasks, such as data preprocessing, literature reviews, or experiment setup.
	* Provide personalized recommendations for optimizing experimental designs, hyperparameter tuning, or model selection.
	* Enhance collaboration and knowledge sharing among researchers by analyzing and summarizing complex research papers and projects.

This automation idea could help OpenAI accelerate their research, and improve the overall quality of their AI systems, ultimately contributing to their mission of developing friendly AI that benefits humanity."
Zoho,https://zoho.com,"What industry does this company operate in?**
Zoho operates in the software as a service (SaaS) industry, providing cloud-based business applications to businesses of all sizes.

**","What does this company do?**
Zoho is a cloud software suite that provides a range of business applications, including CRM, email, accounting, HR, and customer support. The company offers an all-in-one suite called Zoho One, which allows businesses to run their entire operations on a single platform.

**","Suggest an AI automation idea QF Innovate could pitch to Zoho:**
One idea could be to develop an AI-powered sales forecasting tool that integrates with Zoho's CRM platform. This tool could use machine learning algorithms to analyze customer behavior, sales data, and market trends to provide accurate sales forecasts and recommendations to Zoho's customers. This could help businesses optimize their sales strategies, improve their conversion rates, and ultimately drive revenue growth. QF Innovate could pitch this idea as a way to enhance Zoho's CRM platform, providing additional value to its customers while also driving business growth."
Freshworks,https://freshworks.com,"The industry Freshworks operates in is software as a service (SaaS), specifically in the customer experience and customer engagement space.","Freshworks is a company that provides a range of software solutions for businesses, including customer relationship management (CRM), IT service management, and marketing automation.","An AI automation idea QF Innovate could pitch to Freshworks is an AI-powered chatbot that integrates with their CRM and customer service platforms. This chatbot could use natural language processing (NLP) to analyze customer inquiries and automatically respond to common questions, freeing up human customer support agents to focus on more complex issues. The chatbot could also be trained to detect sentiment and escalate issues to human agents when necessary, improving overall customer satisfaction and experience."
Adobe,https://adobe.com,"Industry**
Adobe operates primarily in the **Software as a Service (SaaS)** industry, with a focus on creative and digital experience technologies.

**","What does Adobe do?**
Adobe is a software company that provides a range of creative and business solutions. They offer a suite of products and tools that enable individuals and organizations to design, develop, and deliver engaging experiences across various mediums, including web, mobile, and print.
Their products include popular software like Photoshop, Illustrator, Premiere Pro, and Acrobat, as well as cloud-based services like Creative Cloud, Document Cloud, and Experience Cloud.

**","AI Automation Idea for QF Innovate**
Here's a potential idea:

**Automated Content Generation for Adobe Experience Cloud**

Adobe Experience Cloud is a suite of cloud-based services that enable businesses to create, manage, and optimize customer experiences. QF Innovate could pitch an AI-powered content generation tool that integrates with Adobe Experience Cloud. This tool could use machine learning algorithms to analyze customer data, behavior, and preferences, and automatically generate personalized, engaging content (e.g., emails, landing pages, social media posts) that resonates with target audiences. This would help reduce the content creation burden on businesses, improve customer experience, and increase conversion rates.

The AI-powered content generation tool could also leverage Adobe's Sensei AI framework to tap into its machine learning capabilities, ensuring seamless integration and enhanced performance."
